nomterritori;any;habitatges;hab_turistic;renda_predicha
Aiguamúrcia;2025;83.76085031000886;98.71207735459107;581.6363043260737
Albinyana;2025;83.76085031000886;98.71207735459107;785.2778114193553
Albiol;2025;83.76085031000886;98.71207735459107;488.25488277883403
Alcanar;2025;83.76085031000886;98.71207735459107;488.29881360915317
Alcover;2025;83.76085031000886;98.71207735459107;477.35046178371266
Aldea;2025;83.76085031000886;98.71207735459107;457.7838417383459
Aldover;2025;83.76085031000886;98.71207735459107;465.5109916746156
Aleixar;2025;83.76085031000886;98.71207735459107;465.4658520307178
Alfara de Carles;2025;83.76085031000886;98.71207735459107;465.45322310990923
Alforja;2025;83.76085031000886;98.71207735459107;465.5400668222707
Alió;2025;83.76085031000886;98.71207735459107;466.45975127944394
Almoster;2025;83.76085031000886;98.71207735459107;526.9544132818984
Altafulla;2025;83.76085031000886;98.71207735459107;846.9304850192805
Ametlla de Mar;2025;83.76085031000886;98.71207735459107;514.8021149429981
Ampolla;2025;83.76085031000886;98.71207735459107;511.2898116575562
Amposta;2025;83.76085031000886;98.71207735459107;404.10761996984684
Arbolí;2025;83.76085031000886;98.71207735459107;420.8191177750742
Arboç;2025;83.76085031000886;98.71207735459107;422.7688704556823
Argentera;2025;83.76085031000886;98.71207735459107;422.04304152346543
Arnes;2025;83.76085031000886;98.71207735459107;422.093270908747
Ascó;2025;83.76085031000886;98.71207735459107;422.11665190822896
Banyeres del Penedès;2025;83.76085031000886;98.71207735459107;588.0546590763769
Barberà de la Conca;2025;83.76085031000886;98.71207735459107;490.6970361274434
Batea;2025;83.76085031000886;98.71207735459107;370.7750945124896
Bellmunt del Priorat;2025;83.76085031000886;98.71207735459107;463.56947801287254
Bellvei;2025;83.76085031000886;98.71207735459107;633.5823321329094
Benifallet;2025;83.76085031000886;98.71207735459107;486.16478047956696
Benissanet;2025;83.76085031000886;98.71207735459107;490.0148517275928
Bisbal de Falset;2025;83.76085031000886;98.71207735459107;490.691278357503
Bisbal del Penedès;2025;83.76085031000886;98.71207735459107;624.8141074074623
Blancafort;2025;83.76085031000886;98.71207735459107;485.15166745711696
Bonastre;2025;83.76085031000886;98.71207735459107;485.82325883271244
Borges del Camp;2025;83.76085031000886;98.71207735459107;486.71911693803264
Bot;2025;83.76085031000886;98.71207735459107;490.26743014376507
Botarell;2025;83.76085031000886;98.71207735459107;488.78644264460706
Bràfim;2025;83.76085031000886;98.71207735459107;487.472716771675
Cabacés;2025;83.76085031000886;98.71207735459107;487.18839109362114
Cabra del Camp;2025;83.76085031000886;98.71207735459107;488.6849659257671
Calafell;2025;83.76085031000886;98.71207735459107;487.5665906893229
Camarles;2025;83.76085031000886;98.71207735459107;481.67515141578
Cambrils;2025;83.76085031000886;98.71207735459107;481.6354514329862
Canonja;2025;83.76085031000886;98.71207735459107;482.72233389461803
Capafonts;2025;83.76085031000886;98.71207735459107;483.2753024850868
Capçanes;2025;83.76085031000886;98.71207735459107;483.1701038928599
Caseres;2025;83.76085031000886;98.71207735459107;482.9971163075772
Castellvell del Camp;2025;83.76085031000886;98.71207735459107;521.6564060428257
Catllar;2025;83.76085031000886;98.71207735459107;899.4078818265874
Colldejou;2025;83.76085031000886;98.71207735459107;467.45081935952527
Conesa;2025;83.76085031000886;98.71207735459107;467.59256865706476
Constantí;2025;83.76085031000886;98.71207735459107;466.9207546052837
Corbera d'Ebre;2025;83.76085031000886;98.71207735459107;467.0887796927172
Cornudella de Montsant;2025;83.76085031000886;98.71207735459107;467.1592089891159
Creixell;2025;83.76085031000886;98.71207735459107;700.4775029799399
Cunit;2025;83.76085031000886;98.71207735459107;714.9655790725277
Deltebre;2025;83.76085031000886;98.71207735459107;441.45951419800934
Duesaigües;2025;83.76085031000886;98.71207735459107;486.1164279364206
Espluga de Francolí;2025;83.76085031000886;98.71207735459107;486.1335740027074
Falset;2025;83.76085031000886;98.71207735459107;486.341362694702
Fatarella;2025;83.76085031000886;98.71207735459107;486.2722058336493
Febró;2025;83.76085031000886;98.71207735459107;486.39318262416606
Figuera;2025;83.76085031000886;98.71207735459107;485.8257082707534
Figuerola del Camp;2025;83.76085031000886;98.71207735459107;486.47834035969413
Flix;2025;83.76085031000886;98.71207735459107;386.17121227883507
Forès;2025;83.76085031000886;98.71207735459107;402.31813052106185
Freginals;2025;83.76085031000886;98.71207735459107;402.3267512705307
Galera;2025;83.76085031000886;98.71207735459107;402.37071391173345
Gandesa;2025;83.76085031000886;98.71207735459107;397.3074709939896
Garcia;2025;83.76085031000886;98.71207735459107;396.1685777375919
Garidells;2025;83.76085031000886;98.71207735459107;396.19001827317123
Ginestar;2025;83.76085031000886;98.71207735459107;396.2240241077919
Godall;2025;83.76085031000886;98.71207735459107;396.1658738124817
Gratallops;2025;83.76085031000886;98.71207735459107;396.14424241160043
Guiamets;2025;83.76085031000886;98.71207735459107;396.27807079911133
Horta de Sant Joan;2025;83.76085031000886;98.71207735459107;394.6219961963498
Lloar;2025;83.76085031000886;98.71207735459107;449.59721539865166
Llorac;2025;83.76085031000886;98.71207735459107;466.12583243378145
Llorenç del Penedès;2025;83.76085031000886;98.71207735459107;520.204843611043
Margalef;2025;83.76085031000886;98.71207735459107;508.4506902918922
Marçà;2025;83.76085031000886;98.71207735459107;443.5501572822984
Mas de Barberans;2025;83.76085031000886;98.71207735459107;480.7203477430584
Masdenverge;2025;83.76085031000886;98.71207735459107;480.0578860910702
Masllorenç;2025;83.76085031000886;98.71207735459107;495.16754685015735
Maspujols;2025;83.76085031000886;98.71207735459107;484.1420854427519
Masroig;2025;83.76085031000886;98.71207735459107;485.36756792444197
Masó;2025;83.76085031000886;98.71207735459107;485.35719757637247
Milà;2025;83.76085031000886;98.71207735459107;485.35719757637247
Miravet;2025;83.76085031000886;98.71207735459107;485.3775247310241
Molar;2025;83.76085031000886;98.71207735459107;484.373477810414
Mont-ral;2025;83.76085031000886;98.71207735459107;483.0340805543772
Mont-roig del Camp;2025;83.76085031000886;98.71207735459107;488.61577725383074
Montblanc;2025;83.76085031000886;98.71207735459107;482.0069071213544
Montbrió del Camp;2025;83.76085031000886;98.71207735459107;443.90293998196466
Montferri;2025;83.76085031000886;98.71207735459107;443.4404415445934
Montmell;2025;83.76085031000886;98.71207735459107;446.0191590167075
Morell;2025;83.76085031000886;98.71207735459107;446.2470203762845
Morera de Montsant;2025;83.76085031000886;98.71207735459107;440.8209425196414
Móra d'Ebre;2025;83.76085031000886;98.71207735459107;439.7573138139569
Móra la Nova;2025;83.76085031000886;98.71207735459107;427.0492793377104
Nou de Gaià;2025;83.76085031000886;98.71207735459107;433.2319154401752
Nulles;2025;83.76085031000886;98.71207735459107;443.05801110136633
Pallaresos;2025;83.76085031000886;98.71207735459107;448.08104506217796
Palma d'Ebre;2025;83.76085031000886;98.71207735459107;414.33500992826873
Passanant i Belltall;2025;83.76085031000886;98.71207735459107;417.2931358096632
Paüls;2025;83.76085031000886;98.71207735459107;417.2769758807696
Perafort;2025;83.76085031000886;98.71207735459107;434.57357126895107
Perelló;2025;83.76085031000886;98.71207735459107;424.2881900696372
Piles;2025;83.76085031000886;98.71207735459107;581.6008670016888
Pinell de Brai;2025;83.76085031000886;98.71207735459107;581.2382865498587
Pira;2025;83.76085031000886;98.71207735459107;580.3787564736656
Pla de Santa Maria;2025;83.76085031000886;98.71207735459107;581.5831165286128
Pobla de Mafumet;2025;83.76085031000886;98.71207735459107;581.381499148046
Pobla de Massaluca;2025;83.76085031000886;98.71207735459107;581.3824534745555
Pobla de Montornès;2025;83.76085031000886;98.71207735459107;581.6373858961177
Poboleda;2025;83.76085031000886;98.71207735459107;510.81589311295494
Pont d'Armentera;2025;83.76085031000886;98.71207735459107;510.0420297464282
Pontils;2025;83.76085031000886;98.71207735459107;510.1732814523636
Porrera;2025;83.76085031000886;98.71207735459107;509.91822178726676
Pradell de la Teixeta;2025;83.76085031000886;98.71207735459107;509.9144999138798
Prades;2025;83.76085031000886;98.71207735459107;509.90705616710596
Prat de Comte;2025;83.76085031000886;98.71207735459107;509.8774084235452
Pratdip;2025;83.76085031000886;98.71207735459107;509.8833888696712
Puigpelat;2025;83.76085031000886;98.71207735459107;514.1481149860605
Querol;2025;83.76085031000886;98.71207735459107;511.61126063682826
Rasquera;2025;83.76085031000886;98.71207735459107;508.257184686656
Renau;2025;83.76085031000886;98.71207735459107;553.3673080844131
Reus;2025;83.76085031000886;98.71207735459107;552.6824833812198
Riba;2025;83.76085031000886;98.71207735459107;552.7500496980899
Riba-roja d'Ebre;2025;83.76085031000886;98.71207735459107;552.7411426506683
Riera de Gaià;2025;83.76085031000886;98.71207735459107;553.4061173624648
Riudecanyes;2025;83.76085031000886;98.71207735459107;549.0937067314859
Riudecols;2025;83.76085031000886;98.71207735459107;552.8498086292129
Riudoms;2025;83.76085031000886;98.71207735459107;552.3088327418798
Rocafort de Queralt;2025;83.76085031000886;98.71207735459107;556.0517649337762
Roda de Berà;2025;83.76085031000886;98.71207735459107;556.0873931234629
Rodonyà;2025;83.76085031000886;98.71207735459107;498.6244037653992
Roquetes;2025;83.76085031000886;98.71207735459107;449.8546290691385
Rourell;2025;83.76085031000886;98.71207735459107;460.3281716452356
Ràpita;2025;83.76085031000886;98.71207735459107;460.1368291800875
Salomó;2025;83.76085031000886;98.71207735459107;472.0084919034372
Salou;2025;83.76085031000886;98.71207735459107;471.38814786140006
Sant Jaume d'Enveja;2025;83.76085031000886;98.71207735459107;471.1825859312609
Sant Jaume dels Domenys;2025;83.76085031000886;98.71207735459107;483.6834997440694
Santa Bàrbara;2025;83.76085031000886;98.71207735459107;435.3226539571153
Santa Coloma de Queralt;2025;83.76085031000886;98.71207735459107;452.54926540126917
Santa Oliva;2025;83.76085031000886;98.71207735459107;534.1178425490259
Sarral;2025;83.76085031000886;98.71207735459107;521.4048455749303
Savallà del Comtat;2025;83.76085031000886;98.71207735459107;520.3435708746358
Secuita;2025;83.76085031000886;98.71207735459107;523.55503863341
Selva del Camp;2025;83.76085031000886;98.71207735459107;531.307350978646
Senan;2025;83.76085031000886;98.71207735459107;528.6480247273656
Solivella;2025;83.76085031000886;98.71207735459107;528.1728337474184
Sénia;2025;83.76085031000886;98.71207735459107;509.86455682655105
Tarragona;2025;83.76085031000886;98.71207735459107;510.11723067537423
Tivenys;2025;83.76085031000886;98.71207735459107;510.04629240483723
Tivissa;2025;83.76085031000886;98.71207735459107;510.1437927632211
Torre de Fontaubella;2025;83.76085031000886;98.71207735459107;637.6928072744852
Torre de l'Espanyol;2025;83.76085031000886;98.71207735459107;637.8802370009444
Torredembarra;2025;83.76085031000886;98.71207735459107;637.7337160708576
Torroja del Priorat;2025;83.76085031000886;98.71207735459107;606.4064214751922
Tortosa;2025;83.76085031000886;98.71207735459107;604.9387309253995
Ulldecona;2025;83.76085031000886;98.71207735459107;606.4776142327984
Ulldemolins;2025;83.76085031000886;98.71207735459107;602.5123875859636
Vallclara;2025;83.76085031000886;98.71207735459107;601.6162749935742
Vallfogona de Riucorb;2025;83.76085031000886;98.71207735459107;602.4109108671236
Vallmoll;2025;83.76085031000886;98.71207735459107;580.8229636529387
Valls;2025;83.76085031000886;98.71207735459107;580.0698727934348
Vandellòs i l'Hospitalet de l'Infant;2025;83.76085031000886;98.71207735459107;578.8825633721234
Vendrell;2025;83.76085031000886;98.71207735459107;577.8027747375453
Vespella de Gaià;2025;83.76085031000886;98.71207735459107;577.5851246716195
Vila-rodona;2025;83.76085031000886;98.71207735459107;579.8087690604447
Vila-seca;2025;83.76085031000886;98.71207735459107;579.8076238686333
Vilabella;2025;83.76085031000886;98.71207735459107;578.1867321031874
Vilalba dels Arcs;2025;83.76085031000886;98.71207735459107;578.8964965391616
Vilallonga del Camp;2025;83.76085031000886;98.71207735459107;579.2943234500747
Vilanova d'Escornalbou;2025;83.76085031000886;98.71207735459107;579.3336417022647
Vilanova de Prades;2025;83.76085031000886;98.71207735459107;581.6512554413887
Vilaplana;2025;83.76085031000886;98.71207735459107;581.5261750468812
Vilaverd;2025;83.76085031000886;98.71207735459107;581.477631638433
Vilella Alta;2025;83.76085031000886;98.71207735459107;581.5427167063787
Vilella Baixa;2025;83.76085031000886;98.71207735459107;581.5551229510017
Vimbodí i Poblet;2025;83.76085031000886;98.71207735459107;581.7840976915064
Vinebre;2025;83.76085031000886;98.71207735459107;581.7947225266452
Vinyols i els Arcs;2025;83.76085031000886;98.71207735459107;581.99144103113
Xerta;2025;83.76085031000886;98.71207735459107;506.09741655219784
nan;2025;83.76085031000886;98.71207735459107;555.0548754619871
Aiguamúrcia;2026;83.76085031000886;98.71207735459107;606.2854898611175
Albinyana;2026;83.76085031000886;98.71207735459107;818.5571275938446
Albiol;2026;83.76085031000886;98.71207735459107;508.94665374376945
Alcanar;2026;83.76085031000886;98.71207735459107;508.9924463203021
Alcover;2026;83.76085031000886;98.71207735459107;497.5801139052027
Aldea;2026;83.76085031000886;98.71207735459107;477.1842793761377
Aldover;2026;83.76085031000886;98.71207735459107;485.2388984731519
Aleixar;2026;83.76085031000886;98.71207735459107;485.19184585468713
Alfara de Carles;2026;83.76085031000886;98.71207735459107;485.1786817323964
Alforja;2026;83.76085031000886;98.71207735459107;485.2692057975189
Alió;2026;83.76085031000886;98.71207735459107;486.227865594866
Almoster;2026;83.76085031000886;98.71207735459107;549.2862330202582
Altafulla;2026;83.76085031000886;98.71207735459107;882.8225820311986
Ametlla de Mar;2026;83.76085031000886;98.71207735459107;536.618931999777
Ampolla;2026;83.76085031000886;98.71207735459107;532.9577806890412
Amposta;2026;83.76085031000886;98.71207735459107;421.2333111047962
Arbolí;2026;83.76085031000886;98.71207735459107;438.6530260672156
Arboç;2026;83.76085031000886;98.71207735459107;440.68540738571016
Argentera;2026;83.76085031000886;98.71207735459107;439.92881852347546
Arnes;2026;83.76085031000886;98.71207735459107;439.9811765816544
Ascó;2026;83.76085031000886;98.71207735459107;440.0055484453412
Banyeres del Penedès;2026;83.76085031000886;98.71207735459107;612.9758482946386
Barberà de la Conca;2026;83.76085031000886;98.71207735459107;511.4923031956089
Batea;2026;83.76085031000886;98.71207735459107;386.4881853708762
Bellmunt del Priorat;2026;83.76085031000886;98.71207735459107;483.2151053351946
Bellvei;2026;83.76085031000886;98.71207735459107;660.4329402196333
Benifallet;2026;83.76085031000886;98.71207735459107;506.76797492515743
Benissanet;2026;83.76085031000886;98.71207735459107;510.78120847892296
Bisbal de Falset;2026;83.76085031000886;98.71207735459107;511.4863014169323
Bisbal del Penedès;2026;83.76085031000886;98.71207735459107;651.2931265880898
Blancafort;2026;83.76085031000886;98.71207735459107;505.71192715005765
Bonastre;2026;83.76085031000886;98.71207735459107;506.4119799203386
Borges del Camp;2026;83.76085031000886;98.71207735459107;507.3458036280238
Bot;2026;83.76085031000886;98.71207735459107;511.0444909247372
Botarell;2026;83.76085031000886;98.71207735459107;509.500740603915
Bràfim;2026;83.76085031000886;98.71207735459107;508.1313402956988
Cabacés;2026;83.76085031000886;98.71207735459107;507.8349651696676
Cabra del Camp;2026;83.76085031000886;98.71207735459107;509.3949633996143
Calafell;2026;83.76085031000886;98.71207735459107;508.2291924994265
Camarles;2026;83.76085031000886;98.71207735459107;502.08807971231187
Cambrils;2026;83.76085031000886;98.71207735459107;502.0466972825416
Canonja;2026;83.76085031000886;98.71207735459107;503.1796407744982
Capafonts;2026;83.76085031000886;98.71207735459107;503.75604364044136
Capçanes;2026;83.76085031000886;98.71207735459107;503.6463868333497
Caseres;2026;83.76085031000886;98.71207735459107;503.46606820106535
Castellvell del Camp;2026;83.76085031000886;98.71207735459107;543.7637013448143
Catllar;2026;83.76085031000886;98.71207735459107;937.5239202958707
Colldejou;2026;83.76085031000886;98.71207735459107;487.26093418420385
Conesa;2026;83.76085031000886;98.71207735459107;487.4086906802427
Constantí;2026;83.76085031000886;98.71207735459107;486.7084057969743
Corbera d'Ebre;2026;83.76085031000886;98.71207735459107;486.8835516255374
Cornudella de Montsant;2026;83.76085031000886;98.71207735459107;486.9569656475818
Creixell;2026;83.76085031000886;98.71207735459107;730.1630638805489
Cunit;2026;83.76085031000886;98.71207735459107;745.2651306628441
Deltebre;2026;83.76085031000886;98.71207735459107;460.1681425809733
Duesaigües;2026;83.76085031000886;98.71207735459107;506.7175732478731
Espluga de Francolí;2026;83.76085031000886;98.71207735459107;506.7354459479101
Falset;2026;83.76085031000886;98.71207735459107;506.9520405242399
Fatarella;2026;83.76085031000886;98.71207735459107;506.879952862124
Febró;2026;83.76085031000886;98.71207735459107;507.0060565323295
Figuera;2026;83.76085031000886;98.71207735459107;506.414533163201
Figuerola del Camp;2026;83.76085031000886;98.71207735459107;507.0948231705467
Flix;2026;83.76085031000886;98.71207735459107;402.5367757571723
Forès;2026;83.76085031000886;98.71207735459107;419.36798481930066
Freginals;2026;83.76085031000886;98.71207735459107;419.3769709078165
Galera;2026;83.76085031000886;98.71207735459107;419.42279664334734
Gandesa;2026;83.76085031000886;98.71207735459107;414.1449783747181
Garcia;2026;83.76085031000886;98.71207735459107;412.95781992068265
Garidells;2026;83.76085031000886;98.71207735459107;412.98016908547845
Ginestar;2026;83.76085031000886;98.71207735459107;413.01561605456857
Godall;2026;83.76085031000886;98.71207735459107;412.95500140583454
Gratallops;2026;83.76085031000886;98.71207735459107;412.93245328704944
Guiamets;2026;83.76085031000886;98.71207735459107;413.0719531925331
Horta de Sant Joan;2026;83.76085031000886;98.71207735459107;411.3456957455445
Lloar;2026;83.76085031000886;98.71207735459107;468.6507117089294
Llorac;2026;83.76085031000886;98.71207735459107;485.8797955906201
Llorenç del Penedès;2026;83.76085031000886;98.71207735459107;542.2506230973395
Margalef;2026;83.76085031000886;98.71207735459107;529.9983400984969
Marçà;2026;83.76085031000886;98.71207735459107;462.34738510255494
Mas de Barberans;2026;83.76085031000886;98.71207735459107;501.09281238093723
Masdenverge;2026;83.76085031000886;98.71207735459107;500.4022762431436
Masllorenç;2026;83.76085031000886;98.71207735459107;516.1522698505282
Maspujols;2026;83.76085031000886;98.71207735459107;504.6595600237596
Masroig;2026;83.76085031000886;98.71207735459107;505.9369772709319
Masó;2026;83.76085031000886;98.71207735459107;505.9261674375143
Milà;2026;83.76085031000886;98.71207735459107;505.9261674375143
Miravet;2026;83.76085031000886;98.71207735459107;505.9473560373727
Molar;2026;83.76085031000886;98.71207735459107;504.90075857676374
Mont-ral;2026;83.76085031000886;98.71207735459107;503.5045989569893
Mont-roig del Camp;2026;83.76085031000886;98.71207735459107;509.32284257850023
Montblanc;2026;83.76085031000886;98.71207735459107;502.4338949046792
Montbrió del Camp;2026;83.76085031000886;98.71207735459107;462.7151183927413
Montferri;2026;83.76085031000886;98.71207735459107;462.233019717717
Montmell;2026;83.76085031000886;98.71207735459107;464.9210207488865
Morell;2026;83.76085031000886;98.71207735459107;465.15853865308895
Morera de Montsant;2026;83.76085031000886;98.71207735459107;459.5025088508379
Móra d'Ebre;2026;83.76085031000886;98.71207735459107;458.3938045865753
Móra la Nova;2026;83.76085031000886;98.71207735459107;445.14721586730633
Nou de Gaià;2026;83.76085031000886;98.71207735459107;451.5918661240662
Nulles;2026;83.76085031000886;98.71207735459107;461.8343822411957
Pallaresos;2026;83.76085031000886;98.71207735459107;467.07028753608324
Palma d'Ebre;2026;83.76085031000886;98.71207735459107;431.8941279843875
Passanant i Belltall;2026;83.76085031000886;98.71207735459107;434.977616387248
Paüls;2026;83.76085031000886;98.71207735459107;434.9607716161556
Perafort;2026;83.76085031000886;98.71207735459107;452.9903800327138
Perelló;2026;83.76085031000886;98.71207735459107;442.26911429937945
Piles;2026;83.76085031000886;98.71207735459107;606.2485507371078
Pinell de Brai;2026;83.76085031000886;98.71207735459107;605.8706044754717
Pira;2026;83.76085031000886;98.71207735459107;604.9746483437463
Pla de Santa Maria;2026;83.76085031000886;98.71207735459107;606.2300480161048
Pobla de Mafumet;2026;83.76085031000886;98.71207735459107;606.0198862854284
Pobla de Massaluca;2026;83.76085031000886;98.71207735459107;606.0208810553748
Pobla de Montornès;2026;83.76085031000886;98.71207735459107;606.2866172670568
Poboleda;2026;83.76085031000886;98.71207735459107;532.4637779336582
Pont d'Armentera;2026;83.76085031000886;98.71207735459107;531.6571189841213
Pontils;2026;83.76085031000886;98.71207735459107;531.7939330107497
Porrera;2026;83.76085031000886;98.71207735459107;531.5280641630749
Pradell de la Teixeta;2026;83.76085031000886;98.71207735459107;531.5241845602839
Prades;2026;83.76085031000886;98.71207735459107;531.5164253547019
Prat de Comte;2026;83.76085031000886;98.71207735459107;531.4855211683671
Pratdip;2026;83.76085031000886;98.71207735459107;531.4917550600312
Puigpelat;2026;83.76085031000886;98.71207735459107;535.9372161555082
Querol;2026;83.76085031000886;98.71207735459107;533.2928523659874
Rasquera;2026;83.76085031000886;98.71207735459107;529.7966339123649
Renau;2026;83.76085031000886;98.71207735459107;576.8184808268107
Reus;2026;83.76085031000886;98.71207735459107;576.104633913273
Riba;2026;83.76085031000886;98.71207735459107;576.1750636254783
Riba-roja d'Ebre;2026;83.76085031000886;98.71207735459107;576.1657791059786
Riera de Gaià;2026;83.76085031000886;98.71207735459107;576.8589348046311
Riudecanyes;2026;83.76085031000886;98.71207735459107;572.3637683708323
Riudecols;2026;83.76085031000886;98.71207735459107;576.2790502438754
Riudoms;2026;83.76085031000886;98.71207735459107;575.7151483202587
Rocafort de Queralt;2026;83.76085031000886;98.71207735459107;579.6167023680415
Roda de Berà;2026;83.76085031000886;98.71207735459107;579.6538404460405
Rodonyà;2026;83.76085031000886;98.71207735459107;519.7556250273781
Roquetes;2026;83.76085031000886;98.71207735459107;468.9190343224721
Rourell;2026;83.76085031000886;98.71207735459107;479.83643553023853
Ràpita;2026;83.76085031000886;98.71207735459107;479.6369841559851
Salomó;2026;83.76085031000886;98.71207735459107;492.0117564942278
Salou;2026;83.76085031000886;98.71207735459107;491.3651228700687
Sant Jaume d'Enveja;2026;83.76085031000886;98.71207735459107;491.1508494236138
Sant Jaume dels Domenys;2026;83.76085031000886;98.71207735459107;504.1815399055155
Santa Bàrbara;2026;83.76085031000886;98.71207735459107;453.77120812264246
Santa Coloma de Queralt;2026;83.76085031000886;98.71207735459107;471.7278667431312
Santa Oliva;2026;83.76085031000886;98.71207735459107;556.7532415099331
Sarral;2026;83.76085031000886;98.71207735459107;543.5014799869429
Savallà del Comtat;2026;83.76085031000886;98.71207735459107;542.395229488548
Secuita;2026;83.76085031000886;98.71207735459107;545.7427961531799
Selva del Camp;2026;83.76085031000886;98.71207735459107;553.8236440177809
Senan;2026;83.76085031000886;98.71207735459107;551.0516180851387
Solivella;2026;83.76085031000886;98.71207735459107;550.5562889698272
Sénia;2026;83.76085031000886;98.71207735459107;531.4721249330888
Tarragona;2026;83.76085031000886;98.71207735459107;531.7355068558977
Tivenys;2026;83.76085031000886;98.71207735459107;531.6615622898819
Tivissa;2026;83.76085031000886;98.71207735459107;531.7631946194059
Torre de Fontaubella;2026;83.76085031000886;98.71207735459107;664.7176133327736
Torre de l'Espanyol;2026;83.76085031000886;98.71207735459107;664.9129861502468
Torredembarra;2026;83.76085031000886;98.71207735459107;664.760255804476
Torroja del Priorat;2026;83.76085031000886;98.71207735459107;632.1053406819346
Tortosa;2026;83.76085031000886;98.71207735459107;630.5754508223656
Ulldecona;2026;83.76085031000886;98.71207735459107;632.1795505199362
Ulldemolins;2026;83.76085031000886;98.71207735459107;628.0462813926382
Vallclara;2026;83.76085031000886;98.71207735459107;627.1121924129673
Vallfogona de Riucorb;2026;83.76085031000886;98.71207735459107;627.9405041883375
Vallmoll;2026;83.76085031000886;98.71207735459107;605.4376805947978
Valls;2026;83.76085031000886;98.71207735459107;604.6526744710943
Vandellòs i l'Hospitalet de l'Infant;2026;83.76085031000886;98.71207735459107;603.415048021778
Vendrell;2026;83.76085031000886;98.71207735459107;602.289498986423
Vespella de Gaià;2026;83.76085031000886;98.71207735459107;602.0626251206471
Vila-rodona;2026;83.76085031000886;98.71207735459107;604.3805054137588
Vila-seca;2026;83.76085031000886;98.71207735459107;604.3793116898231
Vilabella;2026;83.76085031000886;98.71207735459107;602.6897280948585
Vilalba dels Arcs;2026;83.76085031000886;98.71207735459107;603.4295716629955
Vilallonga del Camp;2026;83.76085031000886;98.71207735459107;603.844258094652
Vilanova d'Escornalbou;2026;83.76085031000886;98.71207735459107;603.8852426164437
Vilanova de Prades;2026;83.76085031000886;98.71207735459107;606.3010745902778
Vilaplana;2026;83.76085031000886;98.71207735459107;606.1706934093029
Vilaverd;2026;83.76085031000886;98.71207735459107;606.1200927780293
Vilella Alta;2026;83.76085031000886;98.71207735459107;606.1879360883738
Vilella Baixa;2026;83.76085031000886;98.71207735459107;606.200868097677
Vimbodí i Poblet;2026;83.76085031000886;98.71207735459107;606.439546566817
Vinebre;2026;83.76085031000886;98.71207735459107;606.4506216722202
Vinyols i els Arcs;2026;83.76085031000886;98.71207735459107;606.6556769171717
Xerta;2026;83.76085031000886;98.71207735459107;527.5453368876656
nan;2026;83.76085031000886;98.71207735459107;578.5775656820306
Aiguamúrcia;2027;83.76085031000886;98.71207735459107;631.9792841027054
Albinyana;2027;83.76085031000886;98.71207735459107;853.2467890868143
Albiol;2027;83.76085031000886;98.71207735459107;530.5153220030619
Alcanar;2027;83.76085031000886;98.71207735459107;530.5630552248168
Alcover;2027;83.76085031000886;98.71207735459107;518.6670791702212
Aldea;2027;83.76085031000886;98.71207735459107;497.4068888474932
Aldover;2027;83.76085031000886;98.71207735459107;505.80285493240984
Aleixar;2027;83.76085031000886;98.71207735459107;505.7538082693611
Alfara de Carles;2027;83.76085031000886;98.71207735459107;505.74008626426576
Alforja;2027;83.76085031000886;98.71207735459107;505.8344466519493
Alió;2027;83.76085031000886;98.71207735459107;506.83373352679143
Almoster;2027;83.76085031000886;98.71207735459107;572.5644537380134
Altafulla;2027;83.76085031000886;98.71207735459107;920.2357514932172
Ametlla de Mar;2027;83.76085031000886;98.71207735459107;559.3603247190738
Ampolla;2027;83.76085031000886;98.71207735459107;555.5440173473098
Amposta;2027;83.76085031000886;98.71207735459107;439.0847725107234
Arbolí;2027;83.76085031000886;98.71207735459107;457.2427181903154
Arboç;2027;83.76085031000886;98.71207735459107;459.361229868667
Argentera;2027;83.76085031000886;98.71207735459107;458.5725775002511
Arnes;2027;83.76085031000886;98.71207735459107;458.62715444243145
Ascó;2027;83.76085031000886;98.71207735459107;458.65255916219235
Banyeres del Penedès;2027;83.76085031000886;98.71207735459107;638.9531734731663
Barberà de la Conca;2027;83.76085031000886;98.71207735459107;533.1688536231547
Batea;2027;83.76085031000886;98.71207735459107;402.8671818631041
Bellmunt del Priorat;2027;83.76085031000886;98.71207735459107;503.6932953934026
Bellvei;2027;83.76085031000886;98.71207735459107;688.4214511771646
Benifallet;2027;83.76085031000886;98.71207735459107;528.2443128776554
Benissanet;2027;83.76085031000886;98.71207735459107;532.4276233982926
Bisbal de Falset;2027;83.76085031000886;98.71207735459107;533.1625974948871
Bisbal del Penedès;2027;83.76085031000886;98.71207735459107;678.8943010601164
Blancafort;2027;83.76085031000886;98.71207735459107;527.1435108165032
Bonastre;2027;83.76085031000886;98.71207735459107;527.8732311479226
Borges del Camp;2027;83.76085031000886;98.71207735459107;528.8466294035798
Bot;2027;83.76085031000886;98.71207735459107;532.7020635002001
Botarell;2027;83.76085031000886;98.71207735459107;531.0928905298722
Bràfim;2027;83.76085031000886;98.71207735459107;529.6654563575077
Cabacés;2027;83.76085031000886;98.71207735459107;529.3565211395166
Cabra del Camp;2027;83.76085031000886;98.71207735459107;530.9826305896852
Calafell;2027;83.76085031000886;98.71207735459107;529.7674554432418
Camarles;2027;83.76085031000886;98.71207735459107;523.3660882198835
Cambrils;2027;83.76085031000886;98.71207735459107;523.3229520426568
Canonja;2027;83.76085031000886;98.71207735459107;524.5039085869731
Capafonts;2027;83.76085031000886;98.71207735459107;525.1047388503808
Capçanes;2027;83.76085031000886;98.71207735459107;524.9904348935788
Caseres;2027;83.76085031000886;98.71207735459107;524.8024745315923
Castellvell del Camp;2027;83.76085031000886;98.71207735459107;566.8078824971593
Catllar;2027;83.76085031000886;98.71207735459107;977.2552797090192
Colldejou;2027;83.76085031000886;98.71207735459107;507.91058256645476
Conesa;2027;83.76085031000886;98.71207735459107;508.0646008402708
Constantí;2027;83.76085031000886;98.71207735459107;507.3346385591394
Corbera d'Ebre;2027;83.76085031000886;98.71207735459107;507.5172068989726
Cornudella de Montsant;2027;83.76085031000886;98.71207735459107;507.59373213645654
Creixell;2027;83.76085031000886;98.71207735459107;761.1066702176422
Cunit;2027;83.76085031000886;98.71207735459107;776.8487480228234
Deltebre;2027;83.76085031000886;98.71207735459107;479.66962458859587
Duesaigües;2027;83.76085031000886;98.71207735459107;528.1917752259048
Espluga de Francolí;2027;83.76085031000886;98.71207735459107;528.2104053537296
Falset;2027;83.76085031000886;98.71207735459107;528.4361789992786
Fatarella;2027;83.76085031000886;98.71207735459107;528.3610363315775
Febró;2027;83.76085031000886;98.71207735459107;528.4924841536875
Figuera;2027;83.76085031000886;98.71207735459107;527.8758925947548
Figuerola del Camp;2027;83.76085031000886;98.71207735459107;528.5850126364088
Flix;2027;83.76085031000886;98.71207735459107;419.59589602961387
Forès;2027;83.76085031000886;98.71207735459107;437.14039549652915
Freginals;2027;83.76085031000886;98.71207735459107;437.14976240680835
Galera;2027;83.76085031000886;98.71207735459107;437.1975301928079
Gandesa;2027;83.76085031000886;98.71207735459107;431.6960430769006
Garcia;2027;83.76085031000886;98.71207735459107;430.4585739927078
Garidells;2027;83.76085031000886;98.71207735459107;430.48187029354983
Ginestar;2027;83.76085031000886;98.71207735459107;430.51881947099804
Godall;2027;83.76085031000886;98.71207735459107;430.4556360319191
Gratallops;2027;83.76085031000886;98.71207735459107;430.43213234560966
Guiamets;2027;83.76085031000886;98.71207735459107;430.5775441225271
Horta de Sant Joan;2027;83.76085031000886;98.71207735459107;428.77812955007096
Lloar;2027;83.76085031000886;98.71207735459107;488.5116768139681
Llorac;2027;83.76085031000886;98.71207735459107;506.4709126515115
Llorenç del Penedès;2027;83.76085031000886;98.71207735459107;565.2306814530613
Margalef;2027;83.76085031000886;98.71207735459107;552.4591585191939
Marçà;2027;83.76085031000886;98.71207735459107;481.94122130616006
Mas de Barberans;2027;83.76085031000886;98.71207735459107;522.3286424190331
Masdenverge;2027;83.76085031000886;98.71207735459107;521.6088420258061
Masllorenç;2027;83.76085031000886;98.71207735459107;538.0263051699384
Maspujols;2027;83.76085031000886;98.71207735459107;526.0465453864986
Masroig;2027;83.76085031000886;98.71207735459107;527.3780983444183
Masó;2027;83.76085031000886;98.71207735459107;527.3668304006876
Milà;2027;83.76085031000886;98.71207735459107;527.3668304006876
Miravet;2027;83.76085031000886;98.71207735459107;527.3889169529696
Molar;2027;83.76085031000886;98.71207735459107;526.2979657015205
Mont-ral;2027;83.76085031000886;98.71207735459107;524.8426381837859
Mont-roig del Camp;2027;83.76085031000886;98.71207735459107;530.9074533577394
Montblanc;2027;83.76085031000886;98.71207735459107;523.7265587265325
Montbrió del Camp;2027;83.76085031000886;98.71207735459107;482.3245387784716
Montferri;2027;83.76085031000886;98.71207735459107;481.8220092266287
Montmell;2027;83.76085031000886;98.71207735459107;484.6239251486723
Morell;2027;83.76085031000886;98.71207735459107;484.87150883254674
Morera de Montsant;2027;83.76085031000886;98.71207735459107;478.97578194304293
Móra d'Ebre;2027;83.76085031000886;98.71207735459107;477.8200918615092
Móra la Nova;2027;83.76085031000886;98.71207735459107;464.01212548988406
Nou de Gaià;2027;83.76085031000886;98.71207735459107;470.72989380806104
Nulles;2027;83.76085031000886;98.71207735459107;481.40647787837537
Pallaresos;2027;83.76085031000886;98.71207735459107;486.86427578914277
Palma d'Ebre;2027;83.76085031000886;98.71207735459107;450.19738452632265
Passanant i Belltall;2027;83.76085031000886;98.71207735459107;453.41154819338516
Paüls;2027;83.76085031000886;98.71207735459107;453.3939895571422
Perafort;2027;83.76085031000886;98.71207735459107;472.1876753871604
Perelló;2027;83.76085031000886;98.71207735459107;461.01205275370506
Piles;2027;83.76085031000886;98.71207735459107;631.9407795342514
Pinell de Brai;2027;83.76085031000886;98.71207735459107;631.5468162746115
Pira;2027;83.76085031000886;98.71207735459107;630.6128903862564
Pla de Santa Maria;2027;83.76085031000886;98.71207735459107;631.9214926857799
Pobla de Mafumet;2027;83.76085031000886;98.71207735459107;631.7024245036779
Pobla de Massaluca;2027;83.76085031000886;98.71207735459107;631.7034614310151
Pobla de Montornès;2027;83.76085031000886;98.71207735459107;631.980459287021
Poboleda;2027;83.76085031000886;98.71207735459107;555.0290792316653
Pont d'Armentera;2027;83.76085031000886;98.71207735459107;554.1882348539446
Pontils;2027;83.76085031000886;98.71207735459107;554.3308469270517
Porrera;2027;83.76085031000886;98.71207735459107;554.0537108140675
Pradell de la Teixeta;2027;83.76085031000886;98.71207735459107;554.0496667974525
Prades;2027;83.76085031000886;98.71207735459107;554.0415787642225
Prat de Comte;2027;83.76085031000886;98.71207735459107;554.0093648882807
Pratdip;2027;83.76085031000886;98.71207735459107;554.0158629662604
Puigpelat;2027;83.76085031000886;98.71207735459107;558.6497184149031
Querol;2027;83.76085031000886;98.71207735459107;555.8932890387172
Rasquera;2027;83.76085031000886;98.71207735459107;552.248904219458
Renau;2027;83.76085031000886;98.71207735459107;601.2634916491946
Reus;2027;83.76085031000886;98.71207735459107;600.519392592033
Riba;2027;83.76085031000886;98.71207735459107;600.5928070475054
Riba-roja d'Ebre;2027;83.76085031000886;98.71207735459107;600.583129059025
Riera de Gaià;2027;83.76085031000886;98.71207735459107;601.3056600275734
Riudecanyes;2027;83.76085031000886;98.71207735459107;596.6199927763162
Riudecols;2027;83.76085031000886;98.71207735459107;600.7012005184855
Riudoms;2027;83.76085031000886;98.71207735459107;600.1134009752817
Rocafort de Queralt;2027;83.76085031000886;98.71207735459107;604.180299120198
Roda de Berà;2027;83.76085031000886;98.71207735459107;604.2190110741194
Rodonyà;2027;83.76085031000886;98.71207735459107;541.7823670634122
Roquetes;2027;83.76085031000886;98.71207735459107;488.7913706810506
Rourell;2027;83.76085031000886;98.71207735459107;500.1714408211537
Ràpita;2027;83.76085031000886;98.71207735459107;499.9635368900487
Salomó;2027;83.76085031000886;98.71207735459107;512.8627401433677
Salou;2027;83.76085031000886;98.71207735459107;512.188702809955
Sant Jaume d'Enveja;2027;83.76085031000886;98.71207735459107;511.965348661526
Sant Jaume dels Domenys;2027;83.76085031000886;98.71207735459107;525.5482672367381
Santa Bàrbara;2027;83.76085031000886;98.71207735459107;473.001594218359
Santa Coloma de Queralt;2027;83.76085031000886;98.71207735459107;491.7192387103172
Santa Oliva;2027;83.76085031000886;98.71207735459107;580.3479068448568
Sarral;2027;83.76085031000886;98.71207735459107;566.5345484510782
Savallà del Comtat;2027;83.76085031000886;98.71207735459107;565.3814161236429
Secuita;2027;83.76085031000886;98.71207735459107;568.8708494344826
Selva del Camp;2027;83.76085031000886;98.71207735459107;577.2941558368562
Senan;2027;83.76085031000886;98.71207735459107;574.4046541190654
Solivella;2027;83.76085031000886;98.71207735459107;573.888333433638
Sénia;2027;83.76085031000886;98.71207735459107;553.9954009334733
Tarragona;2027;83.76085031000886;98.71207735459107;554.2699447281145
Tivenys;2027;83.76085031000886;98.71207735459107;554.1928664627173
Tivissa;2027;83.76085031000886;98.71207735459107;554.2988058723328
Torre de Fontaubella;2027;83.76085031000886;98.71207735459107;692.8877046038741
Torre de l'Espanyol;2027;83.76085031000886;98.71207735459107;693.0913571328966
Torredembarra;2027;83.76085031000886;98.71207735459107;692.9321542223947
Torroja del Priorat;2027;83.76085031000886;98.71207735459107;658.8933552956619
Tortosa;2027;83.76085031000886;98.71207735459107;657.2986301795654
Ulldecona;2027;83.76085031000886;98.71207735459107;658.9707100750156
Ulldemolins;2027;83.76085031000886;98.71207735459107;654.6622769890253
Vallclara;2027;83.76085031000886;98.71207735459107;653.6886022194115
Vallfogona de Riucorb;2027;83.76085031000886;98.71207735459107;654.5520170488383
Vallmoll;2027;83.76085031000886;98.71207735459107;631.09554549747
Valls;2027;83.76085031000886;98.71207735459107;630.2772715714552
Vandellòs i l'Hospitalet de l'Infant;2027;83.76085031000886;98.71207735459107;628.9871957070227
Vendrell;2027;83.76085031000886;98.71207735459107;627.813946989246
Vespella de Gaià;2027;83.76085031000886;98.71207735459107;627.5774584278795
Vila-rodona;2027;83.76085031000886;98.71207735459107;629.9935682520022
Vila-seca;2027;83.76085031000886;98.71207735459107;629.9923239391976
Vilabella;2027;83.76085031000886;98.71207735459107;628.2311374212388
Vilalba dels Arcs;2027;83.76085031000886;98.71207735459107;629.0023348461456
Vilallonga del Camp;2027;83.76085031000886;98.71207735459107;629.4345952887721
Vilanova d'Escornalbou;2027;83.76085031000886;98.71207735459107;629.477316695064
Vilanova de Prades;2027;83.76085031000886;98.71207735459107;631.9955292976546
Vilaplana;2027;83.76085031000886;98.71207735459107;631.8596226879946
Vilaverd;2027;83.76085031000886;98.71207735459107;631.8068776507766
Vilella Alta;2027;83.76085031000886;98.71207735459107;631.8775960951724
Vilella Baixa;2027;83.76085031000886;98.71207735459107;631.8910761505558
Vimbodí i Poblet;2027;83.76085031000886;98.71207735459107;632.1398695829903
Vinebre;2027;83.76085031000886;98.71207735459107;632.1514140406777
Vinyols i els Arcs;2027;83.76085031000886;98.71207735459107;632.3651593291154
Xerta;2027;83.76085031000886;98.71207735459107;549.9021993984372
nan;2027;83.76085031000886;98.71207735459107;603.0971248237778
Aiguamúrcia;2028;83.76085031000886;98.71207735459107;658.7619565601982
Albinyana;2028;83.76085031000886;98.71207735459107;889.4065649724519
Albiol;2028;83.76085031000886;98.71207735459107;552.9980496181971
Alcanar;2028;83.76085031000886;98.71207735459107;553.0478057278469
Alcover;2028;83.76085031000886;98.71207735459107;540.6476896828326
Aldea;2028;83.76085031000886;98.71207735459107;518.4865130016576
Aldover;2028;83.76085031000886;98.71207735459107;527.2382920305631
Aleixar;2028;83.76085031000886;98.71207735459107;527.1871668172445
Alfara de Carles;2028;83.76085031000886;98.71207735459107;527.1728632868093
Alforja;2028;83.76085031000886;98.71207735459107;527.2712225767035
Alió;2028;83.76085031000886;98.71207735459107;528.3128582653964
Almoster;2028;83.76085031000886;98.71207735459107;596.8291829957786
Altafulla;2028;83.76085031000886;98.71207735459107;959.2344549885554
Ametlla de Mar;2028;83.76085031000886;98.71207735459107;583.0654757256266
Ampolla;2028;83.76085031000886;98.71207735459107;579.0874369286305
Amposta;2028;83.76085031000886;98.71207735459107;457.69276163163937
Arbolí;2028;83.76085031000886;98.71207735459107;476.6202235341056
Arboç;2028;83.76085031000886;98.71207735459107;478.82851569388424
Argentera;2028;83.76085031000886;98.71207735459107;478.0064409988234
Arnes;2028;83.76085031000886;98.71207735459107;478.06333085916884
Ascó;2028;83.76085031000886;98.71207735459107;478.089812206448
Banyeres del Penedès;2028;83.76085031000886;98.71207735459107;666.0313926352145
Barberà de la Conca;2028;83.76085031000886;98.71207735459107;555.7640353487716
Batea;2028;83.76085031000886;98.71207735459107;419.94030442760766
Bellmunt del Priorat;2028;83.76085031000886;98.71207735459107;525.039331393159
Bellvei;2028;83.76085031000886;98.71207735459107;717.596088231555
Benifallet;2028;83.76085031000886;98.71207735459107;550.6307973166554
Benissanet;2028;83.76085031000886;98.71207735459107;554.9913925019653
Bisbal de Falset;2028;83.76085031000886;98.71207735459107;555.7575140918225
Bisbal del Penedès;2028;83.76085031000886;98.71207735459107;707.6651866823682
Blancafort;2028;83.76085031000886;98.71207735459107;549.4833443259774
Bonastre;2028;83.76085031000886;98.71207735459107;550.2439895011594
Borges del Camp;2028;83.76085031000886;98.71207735459107;551.2586394359581
Bot;2028;83.76085031000886;98.71207735459107;555.2774631106686
Botarell;2028;83.76085031000886;98.71207735459107;553.6000949420551
Bràfim;2028;83.76085031000886;98.71207735459107;552.1121674863588
Cabacés;2028;83.76085031000886;98.71207735459107;551.790139891826
Cabra del Camp;2028;83.76085031000886;98.71207735459107;553.4851622919589
Calafell;2028;83.76085031000886;98.71207735459107;552.2184891949587
Camarles;2028;83.76085031000886;98.71207735459107;545.5458382033884
Cambrils;2028;83.76085031000886;98.71207735459107;545.5008739565797
Canonja;2028;83.76085031000886;98.71207735459107;546.7318783001017
Capafonts;2028;83.76085031000886;98.71207735459107;547.358171170516
Capçanes;2028;83.76085031000886;98.71207735459107;547.2390231222815
Caseres;2028;83.76085031000886;98.71207735459107;547.0430971814593
Castellvell del Camp;2028;83.76085031000886;98.71207735459107;590.8286538184855
Catllar;2028;83.76085031000886;98.71207735459107;1018.6704158095066
Colldejou;2028;83.76085031000886;98.71207735459107;529.4353431286396
Conesa;2028;83.76085031000886;98.71207735459107;529.595888548335
Constantí;2028;83.76085031000886;98.71207735459107;528.8349911698457
Corbera d'Ebre;2028;83.76085031000886;98.71207735459107;529.0252965798169
Cornudella de Montsant;2028;83.76085031000886;98.71207735459107;529.1050648830497
Creixell;2028;83.76085031000886;98.71207735459107;793.361636743316
Cunit;2028;83.76085031000886;98.71207735459107;809.7708486211832
Deltebre;2028;83.76085031000886;98.71207735459107;499.99756059270874
Duesaigües;2028;83.76085031000886;98.71207735459107;550.5760331699012
Espluga de Francolí;2028;83.76085031000886;98.71207735459107;550.5954528245726
Falset;2028;83.76085031000886;98.71207735459107;550.8307945394403
Fatarella;2028;83.76085031000886;98.71207735459107;550.7524673979641
Febró;2028;83.76085031000886;98.71207735459107;550.8894858519816
Figuera;2028;83.76085031000886;98.71207735459107;550.246763737541
Figuerola del Camp;2028;83.76085031000886;98.71207735459107;550.9859356025481
Flix;2028;83.76085031000886;98.71207735459107;437.3779653640939
Forès;2028;83.76085031000886;98.71207735459107;455.665983795116
Freginals;2028;83.76085031000886;98.71207735459107;455.6757476660176
Galera;2028;83.76085031000886;98.71207735459107;455.72553980471133
Gandesa;2028;83.76085031000886;98.71207735459107;449.9909049715277
Garcia;2028;83.76085031000886;98.71207735459107;448.7009931412008
Garidells;2028;83.76085031000886;98.71207735459107;448.7252767168011
Ginestar;2028;83.76085031000886;98.71207735459107;448.76379176474865
Godall;2028;83.76085031000886;98.71207735459107;448.69793067246786
Gratallops;2028;83.76085031000886;98.71207735459107;448.6734309226041
Guiamets;2028;83.76085031000886;98.71207735459107;448.82500511036415
Horta de Sant Joan;2028;83.76085031000886;98.71207735459107;446.9493330840299
Lloar;2028;83.76085031000886;98.71207735459107;509.21433046241077
Llorac;2028;83.76085031000886;98.71207735459107;527.9346613913965
Llorenç del Penedès;2028;83.76085031000886;98.71207735459107;589.1846125154955
Margalef;2028;83.76085031000886;98.71207735459107;575.8718447590122
Marçà;2028;83.76085031000886;98.71207735459107;502.3654253879971
Mas de Barberans;2028;83.76085031000886;98.71207735459107;544.4644264502109
Masdenverge;2028;83.76085031000886;98.71207735459107;543.7141216106332
Masllorenç;2028;83.76085031000886;98.71207735459107;560.8273410066442
Maspujols;2028;83.76085031000886;98.71207735459107;548.3398905591744
Masroig;2028;83.76085031000886;98.71207735459107;549.7278734470441
Masó;2028;83.76085031000886;98.71207735459107;549.7161279787271
Milà;2028;83.76085031000886;98.71207735459107;549.7161279787271
Miravet;2028;83.76085031000886;98.71207735459107;549.7391505377902
Molar;2028;83.76085031000886;98.71207735459107;548.6019658246288
Mont-ral;2028;83.76085031000886;98.71207735459107;547.0849629304912
Mont-roig del Camp;2028;83.76085031000886;98.71207735459107;553.4067991214388
Montblanc;2028;83.76085031000886;98.71207735459107;545.9215851024019
Montbrió del Camp;2028;83.76085031000886;98.71207735459107;502.76498748503985
Montferri;2028;83.76085031000886;98.71207735459107;502.24116121552635
Montmell;2028;83.76085031000886;98.71207735459107;505.1618196316377
Morell;2028;83.76085031000886;98.71207735459107;505.41989567321724
Morera de Montsant;2028;83.76085031000886;98.71207735459107;499.274313565113
Móra d'Ebre;2028;83.76085031000886;98.71207735459107;498.0696464526944
Móra la Nova;2028;83.76085031000886;98.71207735459107;483.67651178530724
Nou de Gaià;2028;83.76085031000886;98.71207735459107;490.6789726448964
Nulles;2028;83.76085031000886;98.71207735459107;501.8080200495527
Pallaresos;2028;83.76085031000886;98.71207735459107;507.49711417122484
Palma d'Ebre;2028;83.76085031000886;98.71207735459107;469.27631542531225
Passanant i Belltall;2028;83.76085031000886;98.71207735459107;472.62669224822514
Paüls;2028;83.76085031000886;98.71207735459107;472.6083894939151
Perafort;2028;83.76085031000886;98.71207735459107;492.1985336011521
Perelló;2028;83.76085031000886;98.71207735459107;480.54929886041805
Piles;2028;83.76085031000886;98.71207735459107;658.7218202052743
Pinell de Brai;2028;83.76085031000886;98.71207735459107;658.311161162705
Pira;2028;83.76085031000886;98.71207735459107;657.3376563960599
Pla de Santa Maria;2028;83.76085031000886;98.71207735459107;658.7017159987685
Pobla de Mafumet;2028;83.76085031000886;98.71207735459107;658.4733639184207
Pobla de Massaluca;2028;83.76085031000886;98.71207735459107;658.4744447897382
Pobla de Montornès;2028;83.76085031000886;98.71207735459107;658.7631815476914
Poboleda;2028;83.76085031000886;98.71207735459107;578.5506762323507
Pont d'Armentera;2028;83.76085031000886;98.71207735459107;577.6741976809748
Pontils;2028;83.76085031000886;98.71207735459107;577.8228535161775
Porrera;2028;83.76085031000886;98.71207735459107;577.5339726420486
Pradell de la Teixeta;2028;83.76085031000886;98.71207735459107;577.5297572439104
Prades;2028;83.76085031000886;98.71207735459107;577.5213264476337
Prat de Comte;2028;83.76085031000886;98.71207735459107;577.4877473787028
Pratdip;2028;83.76085031000886;98.71207735459107;577.4945208389591
Puigpelat;2028;83.76085031000886;98.71207735459107;582.3247546117309
Querol;2028;83.76085031000886;98.71207735459107;579.4515104174147
Rasquera;2028;83.76085031000886;98.71207735459107;575.6526800848633
Renau;2028;83.76085031000886;98.71207735459107;626.7444584507454
Reus;2028;83.76085031000886;98.71207735459107;625.9688251932939
Riba;2028;83.76085031000886;98.71207735459107;626.0453508825742
Riba-roja d'Ebre;2028;83.76085031000886;98.71207735459107;626.0352627502774
Riera de Gaià;2028;83.76085031000886;98.71207735459107;626.7884138843244
Riudecanyes;2028;83.76085031000886;98.71207735459107;621.9041725747206
Riudecols;2028;83.76085031000886;98.71207735459107;626.1583379642989
Riudoms;2028;83.76085031000886;98.71207735459107;625.5456280434414
Rocafort de Queralt;2028;83.76085031000886;98.71207735459107;629.7848774088378
Roda de Berà;2028;83.76085031000886;98.71207735459107;629.8252299380251
Rodonyà;2028;83.76085031000886;98.71207735459107;564.7425811800924
Roquetes;2028;83.76085031000886;98.71207735459107;509.5058774857895
Rourell;2028;83.76085031000886;98.71207735459107;521.3682240212944
Ràpita;2028;83.76085031000886;98.71207735459107;521.1515093221319
Salomó;2028;83.76085031000886;98.71207735459107;534.5973683668457
Salou;2028;83.76085031000886;98.71207735459107;533.8947659814145
Sant Jaume d'Enveja;2028;83.76085031000886;98.71207735459107;533.661946299621
Sant Jaume dels Domenys;2028;83.76085031000886;98.71207735459107;547.8204958620627
Santa Bàrbara;2028;83.76085031000886;98.71207735459107;493.04694552731655
Santa Coloma de Queralt;2028;83.76085031000886;98.71207735459107;512.5578257379354
Santa Oliva;2028;83.76085031000886;98.71207735459107;604.9424913374258
Sarral;2028;83.76085031000886;98.71207735459107;590.5437361391876
Savallà del Comtat;2028;83.76085031000886;98.71207735459107;589.3417351760188
Secuita;2028;83.76085031000886;98.71207735459107;592.9790473046891
Selva del Camp;2028;83.76085031000886;98.71207735459107;601.759325307333
Senan;2028;83.76085031000886;98.71207735459107;598.7473692939353
Solivella;2028;83.76085031000886;98.71207735459107;598.2091674358987
Sénia;2028;83.76085031000886;98.71207735459107;577.4731916449601
Tarragona;2028;83.76085031000886;98.71207735459107;577.7593703407953
Tivenys;2028;83.76085031000886;98.71207735459107;577.6790255728597
Tivissa;2028;83.76085031000886;98.71207735459107;577.7894545924662
Torre de Fontaubella;2028;83.76085031000886;98.71207735459107;722.2516171703717
Torre de l'Espanyol;2028;83.76085031000886;98.71207735459107;722.4639002971325
Torredembarra;2028;83.76085031000886;98.71207735459107;722.2979505208493
Torroja del Priorat;2028;83.76085031000886;98.71207735459107;686.8166201291881
Tortosa;2028;83.76085031000886;98.71207735459107;685.1543121009321
Ulldecona;2028;83.76085031000886;98.71207735459107;686.897253129475
Ulldemolins;2028;83.76085031000886;98.71207735459107;682.4062328051846
Vallclara;2028;83.76085031000886;98.71207735459107;681.3912946380344
Vallfogona de Riucorb;2028;83.76085031000886;98.71207735459107;682.2913001550884
Vallmoll;2028;83.76085031000886;98.71207735459107;657.8407659653209
Valls;2028;83.76085031000886;98.71207735459107;656.9878143796229
Vandellòs i l'Hospitalet de l'Infant;2028;83.76085031000886;98.71207735459107;655.6430663444539
Vendrell;2028;83.76085031000886;98.71207735459107;654.4200964777253
Vespella de Gaià;2028;83.76085031000886;98.71207735459107;654.1735857592432
Vila-rodona;2028;83.76085031000886;98.71207735459107;656.6920879871498
Vila-seca;2028;83.76085031000886;98.71207735459107;656.6907909415687
Vilabella;2028;83.76085031000886;98.71207735459107;654.854967037807
Vilalba dels Arcs;2028;83.76085031000886;98.71207735459107;655.6588470656897
Vilallonga del Camp;2028;83.76085031000886;98.71207735459107;656.1094262889193
Vilanova d'Escornalbou;2028;83.76085031000886;98.71207735459107;656.153958187201
Vilanova de Prades;2028;83.76085031000886;98.71207735459107;658.7788902108393
Vilaplana;2028;83.76085031000886;98.71207735459107;658.6372240101565
Vilaverd;2028;83.76085031000886;98.71207735459107;658.5822436891387
Vilella Alta;2028;83.76085031000886;98.71207735459107;658.6559591129935
Vilella Baixa;2028;83.76085031000886;98.71207735459107;658.6700104401212
Vimbodí i Poblet;2028;83.76085031000886;98.71207735459107;658.9293474982379
Vinebre;2028;83.76085031000886;98.71207735459107;658.9413811989064
Vinyols i els Arcs;2028;83.76085031000886;98.71207735459107;659.1641848064909
Xerta;2028;83.76085031000886;98.71207735459107;573.2065241771427
nan;2028;83.76085031000886;98.71207735459107;628.6557992305577
Aiguamúrcia;2029;83.76085031000886;98.71207735459107;686.6796528420617
Albinyana;2029;83.76085031000886;98.71207735459107;927.098757280657
Albiol;2029;83.76085031000886;98.71207735459107;576.4335735429806
Alcanar;2029;83.76085031000886;98.71207735459107;576.485438268563
Alcover;2029;83.76085031000886;98.71207735459107;563.5598172666258
Aldea;2029;83.76085031000886;98.71207735459107;540.4594712942181
Aldover;2029;83.76085031000886;98.71207735459107;549.582142276464
Aleixar;2029;83.76085031000886;98.71207735459107;549.5288504259199
Alfara de Carles;2029;83.76085031000886;98.71207735459107;549.513940725662
Alforja;2029;83.76085031000886;98.71207735459107;549.6164683873852
Alió;2029;83.76085031000886;98.71207735459107;550.7022475918104
Almoster;2029;83.76085031000886;98.71207735459107;622.1222280739006
Altafulla;2029;83.76085031000886;98.71207735459107;999.8858859201506
Ametlla de Mar;2029;83.76085031000886;98.71207735459107;607.7752281660148
Ampolla;2029;83.76085031000886;98.71207735459107;603.6286039219904
Amposta;2029;83.76085031000886;98.71207735459107;477.0893393823642
Arbolí;2029;83.76085031000886;98.71207735459107;496.8189288629601
Arboç;2029;83.76085031000886;98.71207735459107;499.12080631436703
Argentera;2029;83.76085031000886;98.71207735459107;498.26389288669696
Arnes;2029;83.76085031000886;98.71207735459107;498.32319368444826
Ascó;2029;83.76085031000886;98.71207735459107;498.35079728568144
Banyeres del Penedès;2029;83.76085031000886;98.71207735459107;694.2571606058902
Barberà de la Conca;2029;83.76085031000886;98.71207735459107;579.3167790807664
Batea;2029;83.76085031000886;98.71207735459107;437.73696945778073
Bellmunt del Priorat;2029;83.76085031000886;98.71207735459107;547.2899918083486
Bellvei;2029;83.76085031000886;98.71207735459107;748.0071182626602
Benifallet;2029;83.76085031000886;98.71207735459107;573.9659993723345
Benissanet;2029;83.76085031000886;98.71207735459107;578.5113923753983
Bisbal de Falset;2029;83.76085031000886;98.71207735459107;579.3099814592382
Bisbal del Penedès;2029;83.76085031000886;98.71207735459107;737.655354685097
Blancafort;2029;83.76085031000886;98.71207735459107;572.7699184307368
Bonastre;2029;83.76085031000886;98.71207735459107;573.5627990147299
Borges del Camp;2029;83.76085031000886;98.71207735459107;574.6204488350412
Bot;2029;83.76085031000886;98.71207735459107;578.8095863805568
Botarell;2029;83.76085031000886;98.71207735459107;577.061132966935
Bràfim;2029;83.76085031000886;98.71207735459107;575.5101485809107
Cabacés;2029;83.76085031000886;98.71207735459107;575.1744737675472
Cabra del Camp;2029;83.76085031000886;98.71207735459107;576.941329581991
Calafell;2029;83.76085031000886;98.71207735459107;575.6209761009638
Camarles;2029;83.76085031000886;98.71207735459107;568.6655445967631
Cambrils;2029;83.76085031000886;98.71207735459107;568.6186748085468
Canonja;2029;83.76085031000886;98.71207735459107;569.9018479287292
Capafonts;2029;83.76085031000886;98.71207735459107;570.554682486874
Capçanes;2029;83.76085031000886;98.71207735459107;570.4304850592847
Caseres;2029;83.76085031000886;98.71207735459107;570.2262559660792
Castellvell del Camp;2029;83.76085031000886;98.71207735459107;615.867402258142
Catllar;2029;83.76085031000886;98.71207735459107;1061.8406854291832
Colldejou;2029;83.76085031000886;98.71207735459107;551.8723022808168
Conesa;2029;83.76085031000886;98.71207735459107;552.039651460538
Constantí;2029;83.76085031000886;98.71207735459107;551.2465079851046
Corbera d'Ebre;2029;83.76085031000886;98.71207735459107;551.4448783547831
Cornudella de Montsant;2029;83.76085031000886;98.71207735459107;551.528027161763
Creixell;2029;83.76085031000886;98.71207735459107;826.9835376374336
Cunit;2029;83.76085031000886;98.71207735459107;844.0881560864742
Deltebre;2029;83.76085031000886;98.71207735459107;521.1869749164916
Duesaigües;2029;83.76085031000886;98.71207735459107;573.908914373866
Espluga de Francolí;2029;83.76085031000886;98.71207735459107;573.9291570147702
Falset;2029;83.76085031000886;98.71207735459107;574.1744722845051
Fatarella;2029;83.76085031000886;98.71207735459107;574.092825714327
Febró;2029;83.76085031000886;98.71207735459107;574.2356508782586
Figuera;2029;83.76085031000886;98.71207735459107;573.5656908205733
Figuerola del Camp;2029;83.76085031000886;98.71207735459107;574.3361880762195
Flix;2029;83.76085031000886;98.71207735459107;455.91362164450993
Forès;2029;83.76085031000886;98.71207735459107;474.9766686561446
Freginals;2029;83.76085031000886;98.71207735459107;474.9868463104769
Galera;2029;83.76085031000886;98.71207735459107;475.03874859197924
Gandesa;2029;83.76085031000886;98.71207735459107;469.0610854661538
Garcia;2029;83.76085031000886;98.71207735459107;467.7165084166976
Garidells;2029;83.76085031000886;98.71207735459107;467.741821106808
Ginestar;2029;83.76085031000886;98.71207735459107;467.78196838533626
Godall;2029;83.76085031000886;98.71207735459107;467.71331616349374
Gratallops;2029;83.76085031000886;98.71207735459107;467.68777813786306
Guiamets;2029;83.76085031000886;98.71207735459107;467.84577589349294
Horta de Sant Joan;2029;83.76085031000886;98.71207735459107;465.89061469594276
Lloar;2029;83.76085031000886;98.71207735459107;530.7943426028402
Llorac;2029;83.76085031000886;98.71207735459107;550.3080230990965
Llorenç del Penedès;2029;83.76085031000886;98.71207735459107;614.153688070562
Margalef;2029;83.76085031000886;98.71207735459107;600.2767380579613
Marçà;2029;83.76085031000886;98.71207735459107;523.6551875377785
Mas de Barberans;2029;83.76085031000886;98.71207735459107;567.5383036566082
Masdenverge;2029;83.76085031000886;98.71207735459107;566.756201621668
Masllorenç;2029;83.76085031000886;98.71207735459107;584.5946627483906
Maspujols;2029;83.76085031000886;98.71207735459107;571.578006196264
Masroig;2029;83.76085031000886;98.71207735459107;573.0248104600831
Masó;2029;83.76085031000886;98.71207735459107;573.0125672301484
Milà;2029;83.76085031000886;98.71207735459107;573.0125672301484
Miravet;2029;83.76085031000886;98.71207735459107;573.0365654630573
Molar;2029;83.76085031000886;98.71207735459107;571.8511879586724
Mont-ral;2029;83.76085031000886;98.71207735459107;570.2698959451716
Mont-roig del Camp;2029;83.76085031000886;98.71207735459107;576.8596454558929
Montblanc;2029;83.76085031000886;98.71207735459107;569.0572152869139
Montbrió del Camp;2029;83.76085031000886;98.71207735459107;524.0716826910792
Montferri;2029;83.76085031000886;98.71207735459107;523.5256571695428
Montmell;2029;83.76085031000886;98.71207735459107;526.5700902720824
Morell;2029;83.76085031000886;98.71207735459107;526.8391033273657
Morera de Montsant;2029;83.76085031000886;98.71207735459107;520.4330773775054
Móra d'Ebre;2029;83.76085031000886;98.71207735459107;519.177357634876
Móra la Nova;2029;83.76085031000886;98.71207735459107;504.17425580380154
Nou de Gaià;2029;83.76085031000886;98.71207735459107;511.47347420009555
Nulles;2029;83.76085031000886;98.71207735459107;523.0741598987601
Pallaresos;2029;83.76085031000886;98.71207735459107;529.0043523416485
Palma d'Ebre;2029;83.76085031000886;98.71207735459107;489.16379301239823
Passanant i Belltall;2029;83.76085031000886;98.71207735459107;492.6561555733162
Paüls;2029;83.76085031000886;98.71207735459107;492.6370771659333
Perafort;2029;83.76085031000886;98.71207735459107;513.0574326839195
Perelló;2029;83.76085031000886;98.71207735459107;500.91451461164314
Piles;2029;83.76085031000886;98.71207735459107;686.6378155471315
Pinell de Brai;2029;83.76085031000886;98.71207735459107;686.2097531704569
Pira;2029;83.76085031000886;98.71207735459107;685.1949922108371
Pla de Santa Maria;2029;83.76085031000886;98.71207735459107;686.6168593437462
Pobla de Mafumet;2029;83.76085031000886;98.71207735459107;686.3788299225001
Pobla de Massaluca;2029;83.76085031000886;98.71207735459107;686.3799566001014
Pobla de Montornès;2029;83.76085031000886;98.71207735459107;686.6809297433433
Poboleda;2029;83.76085031000886;98.71207735459107;603.0690958251579
Pont d'Armentera;2029;83.76085031000886;98.71207735459107;602.1554729582197
Pontils;2029;83.76085031000886;98.71207735459107;602.3104286843259
Porrera;2029;83.76085031000886;98.71207735459107;602.0093053174039
Pradell de la Teixeta;2029;83.76085031000886;98.71207735459107;602.0049112747587
Prades;2029;83.76085031000886;98.71207735459107;601.9961231894681
Prat de Comte;2029;83.76085031000886;98.71207735459107;601.961121071986
Pratdip;2029;83.76085031000886;98.71207735459107;601.9681815849544
Puigpelat;2029;83.76085031000886;98.71207735459107;607.0031160058068
Querol;2029;83.76085031000886;98.71207735459107;604.0081064940466
Rasquera;2029;83.76085031000886;98.71207735459107;600.0482853963267
Renau;2029;83.76085031000886;98.71207735459107;653.3052840465841
Reus;2029;83.76085031000886;98.71207735459107;652.4967801998523
Riba;2029;83.76085031000886;98.71207735459107;652.5765489740281
Riba-roja d'Ebre;2029;83.76085031000886;98.71207735459107;652.5660333164155
Riera de Gaià;2029;83.76085031000886;98.71207735459107;653.3511022690392
Riudecanyes;2029;83.76085031000886;98.71207735459107;648.2598715240393
Riudecols;2029;83.76085031000886;98.71207735459107;652.6943243392898
Riudoms;2029;83.76085031000886;98.71207735459107;652.055648363002
Rocafort de Queralt;2029;83.76085031000886;98.71207735459107;656.4745530273537
Roda de Berà;2029;83.76085031000886;98.71207735459107;656.5166156578043
Rodonyà;2029;83.76085031000886;98.71207735459107;588.6758270237765
Roquetes;2029;83.76085031000886;98.71207735459107;531.0982451078454
Rourell;2029;83.76085031000886;98.71207735459107;543.4633064471889
Ràpita;2029;83.76085031000886;98.71207735459107;543.2374075881173
Salomó;2029;83.76085031000886;98.71207735459107;557.2530891693648
Salou;2029;83.76085031000886;98.71207735459107;556.5207111725645
Sant Jaume d'Enveja;2029;83.76085031000886;98.71207735459107;556.2780248172328
Sant Jaume dels Domenys;2029;83.76085031000886;98.71207735459107;571.0366000528933
Santa Bàrbara;2029;83.76085031000886;98.71207735459107;513.9417994891426
Santa Coloma de Queralt;2029;83.76085031000886;98.71207735459107;534.2795319830295
Santa Oliva;2029;83.76085031000886;98.71207735459107;630.5793705970265
Sarral;2029;83.76085031000886;98.71207735459107;615.570410042425
Savallà del Comtat;2029;83.76085031000886;98.71207735459107;614.3174694378789
Secuita;2029;83.76085031000886;98.71207735459107;618.1089273460365
Selva del Camp;2029;83.76085031000886;98.71207735459107;627.261305061038
Senan;2029;83.76085031000886;98.71207735459107;624.121705257104
Solivella;2029;83.76085031000886;98.71207735459107;623.5606949234697
Sénia;2029;83.76085031000886;98.71207735459107;601.9459484802877
Tarragona;2029;83.76085031000886;98.71207735459107;602.2442551532064
Tivenys;2029;83.76085031000886;98.71207735459107;602.1605054515056
Tivissa;2029;83.76085031000886;98.71207735459107;602.2756143464441
Torre de Fontaubella;2029;83.76085031000886;98.71207735459107;752.8599440272136
Torre de l'Espanyol;2029;83.76085031000886;98.71207735459107;753.0812235081196
Torredembarra;2029;83.76085031000886;98.71207735459107;752.9082409403917
Torroja del Priorat;2029;83.76085031000886;98.71207735459107;715.9232459917739
Tortosa;2029;83.76085031000886;98.71207735459107;714.190490952731
Ulldecona;2029;83.76085031000886;98.71207735459107;716.0072961408349
Ulldemolins;2029;83.76085031000886;98.71207735459107;711.3259507072078
Vallclara;2029;83.76085031000886;98.71207735459107;710.2680004395361
Vallfogona de Riucorb;2029;83.76085031000886;98.71207735459107;711.2061473222637
Vallmoll;2029;83.76085031000886;98.71207735459107;685.7194230783475
Valls;2029;83.76085031000886;98.71207735459107;684.8303242271987
Vandellòs i l'Hospitalet de l'Infant;2029;83.76085031000886;98.71207735459107;683.4285870674338
Vendrell;2029;83.76085031000886;98.71207735459107;682.1537889174214
Vespella de Gaià;2029;83.76085031000886;98.71207735459107;681.8968313124725
Vila-rodona;2029;83.76085031000886;98.71207735459107;684.5220652354682
Vila-seca;2029;83.76085031000886;98.71207735459107;684.5207132223466
Vilabella;2029;83.76085031000886;98.71207735459107;682.6070888723663
Vilalba dels Arcs;2029;83.76085031000886;98.71207735459107;683.4450365604135
Vilallonga del Camp;2029;83.76085031000886;98.71207735459107;683.9147108964981
Vilanova d'Escornalbou;2029;83.76085031000886;98.71207735459107;683.9611300136739
Vilanova de Prades;2029;83.76085031000886;98.71207735459107;686.6973041244829
Vilaplana;2029;83.76085031000886;98.71207735459107;686.5496342468655
Vilaverd;2029;83.76085031000886;98.71207735459107;686.4923239128766
Vilella Alta;2029;83.76085031000886;98.71207735459107;686.5691633252889
Vilella Baixa;2029;83.76085031000886;98.71207735459107;686.5838101341066
Vimbodí i Poblet;2029;83.76085031000886;98.71207735459107;686.8541376465914
Vinebre;2029;83.76085031000886;98.71207735459107;686.8666813238865
Vinyols i els Arcs;2029;83.76085031000886;98.71207735459107;687.0989271334457
Xerta;2029;83.76085031000886;98.71207735459107;597.4984637607816
nan;2029;83.76085031000886;98.71207735459107;655.297625604979
